REM INSERTING into YWANG8.A_POUR_ROLE
SET DEFINE OFF;
Insert into YWANG8.A_POUR_ROLE (LOGINBENEVOLE,ID_PERSONNE,ID_ROLE) values ('pierremartin@gmail.com',1,1);
REM INSERTING into YWANG8.AJOUT_ARGENT
SET DEFINE OFF;
Insert into YWANG8.AJOUT_ARGENT (ID_AJOUT,MONTANTARGENT,DATEAJOUT,ID_ENFANT,ID_PERSONNE) values (21,30,to_date('26-11月-17','DD-MON-RR'),1,11);
Insert into YWANG8.AJOUT_ARGENT (ID_AJOUT,MONTANTARGENT,DATEAJOUT,ID_ENFANT,ID_PERSONNE) values (22,30,to_date('26-11月-17','DD-MON-RR'),2,12);
Insert into YWANG8.AJOUT_ARGENT (ID_AJOUT,MONTANTARGENT,DATEAJOUT,ID_ENFANT,ID_PERSONNE) values (23,30,to_date('26-11月-17','DD-MON-RR'),3,13);
Insert into YWANG8.AJOUT_ARGENT (ID_AJOUT,MONTANTARGENT,DATEAJOUT,ID_ENFANT,ID_PERSONNE) values (24,30,to_date('26-11月-17','DD-MON-RR'),4,14);
Insert into YWANG8.AJOUT_ARGENT (ID_AJOUT,MONTANTARGENT,DATEAJOUT,ID_ENFANT,ID_PERSONNE) values (25,30,to_date('26-11月-17','DD-MON-RR'),5,15);
Insert into YWANG8.AJOUT_ARGENT (ID_AJOUT,MONTANTARGENT,DATEAJOUT,ID_ENFANT,ID_PERSONNE) values (26,30,to_date('26-11月-17','DD-MON-RR'),6,16);
Insert into YWANG8.AJOUT_ARGENT (ID_AJOUT,MONTANTARGENT,DATEAJOUT,ID_ENFANT,ID_PERSONNE) values (27,30,to_date('26-11月-17','DD-MON-RR'),7,17);
Insert into YWANG8.AJOUT_ARGENT (ID_AJOUT,MONTANTARGENT,DATEAJOUT,ID_ENFANT,ID_PERSONNE) values (28,30,to_date('26-11月-17','DD-MON-RR'),8,18);
Insert into YWANG8.AJOUT_ARGENT (ID_AJOUT,MONTANTARGENT,DATEAJOUT,ID_ENFANT,ID_PERSONNE) values (29,30,to_date('26-11月-17','DD-MON-RR'),2,12);
Insert into YWANG8.AJOUT_ARGENT (ID_AJOUT,MONTANTARGENT,DATEAJOUT,ID_ENFANT,ID_PERSONNE) values (30,30,to_date('26-11月-17','DD-MON-RR'),10,20);
Insert into YWANG8.AJOUT_ARGENT (ID_AJOUT,MONTANTARGENT,DATEAJOUT,ID_ENFANT,ID_PERSONNE) values (31,30,to_date('27-11月-17','DD-MON-RR'),1,11);
REM INSERTING into YWANG8.BENEVOLE
SET DEFINE OFF;
Insert into YWANG8.BENEVOLE (LOGINBENEVOLE,MOTDEPASSEBENEVOLE,ID_PERSONNE) values ('pierremartin@gmail.com','pm001',1);
Insert into YWANG8.BENEVOLE (LOGINBENEVOLE,MOTDEPASSEBENEVOLE,ID_PERSONNE) values ('georgespique@gmail.com','gp001',2);
Insert into YWANG8.BENEVOLE (LOGINBENEVOLE,MOTDEPASSEBENEVOLE,ID_PERSONNE) values ('estellegamelin@gmail.com','eg001',5);
Insert into YWANG8.BENEVOLE (LOGINBENEVOLE,MOTDEPASSEBENEVOLE,ID_PERSONNE) values ('richardricher@gmail.com','rr001',7);
Insert into YWANG8.BENEVOLE (LOGINBENEVOLE,MOTDEPASSEBENEVOLE,ID_PERSONNE) values ('martinbouvier@gmail.com','mb001',8);
Insert into YWANG8.BENEVOLE (LOGINBENEVOLE,MOTDEPASSEBENEVOLE,ID_PERSONNE) values ('christinesalois@gmail.com','cs001',9);
Insert into YWANG8.BENEVOLE (LOGINBENEVOLE,MOTDEPASSEBENEVOLE,ID_PERSONNE) values ('gauvingranville@gmail.com','gg001',10);
Insert into YWANG8.BENEVOLE (LOGINBENEVOLE,MOTDEPASSEBENEVOLE,ID_PERSONNE) values ('margueriteb@gmail.com','mb001',3);
Insert into YWANG8.BENEVOLE (LOGINBENEVOLE,MOTDEPASSEBENEVOLE,ID_PERSONNE) values ('magnolial@gmail.com','ml001',4);
Insert into YWANG8.BENEVOLE (LOGINBENEVOLE,MOTDEPASSEBENEVOLE,ID_PERSONNE) values ('carolieb@gmail.com','cb001',6);
REM INSERTING into YWANG8.CATEGORIE
SET DEFINE OFF;
Insert into YWANG8.CATEGORIE (ID_CATEGORIE,LIBELLECATEGORIE) values (1,'U14');
Insert into YWANG8.CATEGORIE (ID_CATEGORIE,LIBELLECATEGORIE) values (2,'U6');
Insert into YWANG8.CATEGORIE (ID_CATEGORIE,LIBELLECATEGORIE) values (3,'U8');
Insert into YWANG8.CATEGORIE (ID_CATEGORIE,LIBELLECATEGORIE) values (4,'U10');
Insert into YWANG8.CATEGORIE (ID_CATEGORIE,LIBELLECATEGORIE) values (5,'U12');
Insert into YWANG8.CATEGORIE (ID_CATEGORIE,LIBELLECATEGORIE) values (6,'U16');
REM INSERTING into YWANG8.CLIENT
SET DEFINE OFF;
REM INSERTING into YWANG8.CONSOMME
SET DEFINE OFF;
Insert into YWANG8.CONSOMME (DATECONSOMMATION,QTECONSOMMATION,ID_PRODUIT,ID_ENFANT,ID_PERSONNE) values (to_date('26-11月-17','DD-MON-RR'),1,6,2,12);
Insert into YWANG8.CONSOMME (DATECONSOMMATION,QTECONSOMMATION,ID_PRODUIT,ID_ENFANT,ID_PERSONNE) values (to_date('26-11月-17','DD-MON-RR'),1,8,3,13);
Insert into YWANG8.CONSOMME (DATECONSOMMATION,QTECONSOMMATION,ID_PRODUIT,ID_ENFANT,ID_PERSONNE) values (to_date('26-11月-17','DD-MON-RR'),2,6,4,14);
Insert into YWANG8.CONSOMME (DATECONSOMMATION,QTECONSOMMATION,ID_PRODUIT,ID_ENFANT,ID_PERSONNE) values (to_date('26-11月-17','DD-MON-RR'),3,7,5,15);
Insert into YWANG8.CONSOMME (DATECONSOMMATION,QTECONSOMMATION,ID_PRODUIT,ID_ENFANT,ID_PERSONNE) values (to_date('26-11月-17','DD-MON-RR'),1,8,6,16);
Insert into YWANG8.CONSOMME (DATECONSOMMATION,QTECONSOMMATION,ID_PRODUIT,ID_ENFANT,ID_PERSONNE) values (to_date('26-11月-17','DD-MON-RR'),1,6,7,17);
Insert into YWANG8.CONSOMME (DATECONSOMMATION,QTECONSOMMATION,ID_PRODUIT,ID_ENFANT,ID_PERSONNE) values (to_date('26-11月-17','DD-MON-RR'),2,7,8,18);
Insert into YWANG8.CONSOMME (DATECONSOMMATION,QTECONSOMMATION,ID_PRODUIT,ID_ENFANT,ID_PERSONNE) values (to_date('26-11月-17','DD-MON-RR'),1,7,2,12);
REM INSERTING into YWANG8.COURSE
SET DEFINE OFF;
Insert into YWANG8.COURSE (IDCOURSE,MONTANTCOURSE,DATECOURSE,LOGINBENEVOLE,ID_PERSONNE) values (1,50,to_date('27-11月-17','DD-MON-RR'),'pierremartin@gmail.com',1);
REM INSERTING into YWANG8.ENFANT
SET DEFINE OFF;
Insert into YWANG8.ENFANT (ID_ENFANT,MAILCONTACTENFANT,TELCONTACTENFANT,ID_PERSONNE,ID_CATEGORIE) values (1,'pierremartin@gmail.com','0102030405',11,1);
Insert into YWANG8.ENFANT (ID_ENFANT,MAILCONTACTENFANT,TELCONTACTENFANT,ID_PERSONNE,ID_CATEGORIE) values (2,'georgespique@gmail.com','0102034405',12,1);
Insert into YWANG8.ENFANT (ID_ENFANT,MAILCONTACTENFANT,TELCONTACTENFANT,ID_PERSONNE,ID_CATEGORIE) values (3,'margueriteb@gmail.com','0102230405',13,2);
Insert into YWANG8.ENFANT (ID_ENFANT,MAILCONTACTENFANT,TELCONTACTENFANT,ID_PERSONNE,ID_CATEGORIE) values (4,'magnolial@gmail.com','0102038405',14,3);
Insert into YWANG8.ENFANT (ID_ENFANT,MAILCONTACTENFANT,TELCONTACTENFANT,ID_PERSONNE,ID_CATEGORIE) values (5,'estellegamelin@gmail.com','0102330405',15,5);
Insert into YWANG8.ENFANT (ID_ENFANT,MAILCONTACTENFANT,TELCONTACTENFANT,ID_PERSONNE,ID_CATEGORIE) values (6,'carolieb@gmail.com','0102465405',16,4);
Insert into YWANG8.ENFANT (ID_ENFANT,MAILCONTACTENFANT,TELCONTACTENFANT,ID_PERSONNE,ID_CATEGORIE) values (7,'richardricher@gmail.com','0101230405',17,2);
Insert into YWANG8.ENFANT (ID_ENFANT,MAILCONTACTENFANT,TELCONTACTENFANT,ID_PERSONNE,ID_CATEGORIE) values (8,'martinbouvier@gmail.com','0108030405',18,1);
Insert into YWANG8.ENFANT (ID_ENFANT,MAILCONTACTENFANT,TELCONTACTENFANT,ID_PERSONNE,ID_CATEGORIE) values (9,'christinesalois@gmail.com','0102030405',19,4);
Insert into YWANG8.ENFANT (ID_ENFANT,MAILCONTACTENFANT,TELCONTACTENFANT,ID_PERSONNE,ID_CATEGORIE) values (10,'gauvingranville@gmail.com','0102078705',20,3);
REM INSERTING into YWANG8.EST_COMPOSE_DE
SET DEFINE OFF;
Insert into YWANG8.EST_COMPOSE_DE (QTECOMPOSITION,ID_PRODUIT,ID_PRODUIT_PRODUIT) values (1,6,7);
Insert into YWANG8.EST_COMPOSE_DE (QTECOMPOSITION,ID_PRODUIT,ID_PRODUIT_PRODUIT) values (1,6,8);
REM INSERTING into YWANG8.LOCATION
SET DEFINE OFF;
REM INSERTING into YWANG8.PERSONNE
SET DEFINE OFF;
Insert into YWANG8.PERSONNE (ID_PERSONNE,NOMPERSONNE,PRENOMPERSONNE) values (1,'Martin','Pierre');
Insert into YWANG8.PERSONNE (ID_PERSONNE,NOMPERSONNE,PRENOMPERSONNE) values (2,'Pique','Georges');
Insert into YWANG8.PERSONNE (ID_PERSONNE,NOMPERSONNE,PRENOMPERSONNE) values (3,'Bonami','Marguerite');
Insert into YWANG8.PERSONNE (ID_PERSONNE,NOMPERSONNE,PRENOMPERSONNE) values (4,'Lapierre','Magnolia');
Insert into YWANG8.PERSONNE (ID_PERSONNE,NOMPERSONNE,PRENOMPERSONNE) values (5,'Gamelin','Estelle');
Insert into YWANG8.PERSONNE (ID_PERSONNE,NOMPERSONNE,PRENOMPERSONNE) values (6,'Boisclair','Caroline');
Insert into YWANG8.PERSONNE (ID_PERSONNE,NOMPERSONNE,PRENOMPERSONNE) values (7,'Richer','Richard');
Insert into YWANG8.PERSONNE (ID_PERSONNE,NOMPERSONNE,PRENOMPERSONNE) values (8,'Bouvier','Martin');
Insert into YWANG8.PERSONNE (ID_PERSONNE,NOMPERSONNE,PRENOMPERSONNE) values (9,'Salois','Christine');
Insert into YWANG8.PERSONNE (ID_PERSONNE,NOMPERSONNE,PRENOMPERSONNE) values (10,'Granville','Gauvin');
Insert into YWANG8.PERSONNE (ID_PERSONNE,NOMPERSONNE,PRENOMPERSONNE) values (11,'Martin','Maxime');
Insert into YWANG8.PERSONNE (ID_PERSONNE,NOMPERSONNE,PRENOMPERSONNE) values (12,'Pique','Antoine');
Insert into YWANG8.PERSONNE (ID_PERSONNE,NOMPERSONNE,PRENOMPERSONNE) values (13,'Bonami','Quentin');
Insert into YWANG8.PERSONNE (ID_PERSONNE,NOMPERSONNE,PRENOMPERSONNE) values (14,'Lapierre','Lucas');
Insert into YWANG8.PERSONNE (ID_PERSONNE,NOMPERSONNE,PRENOMPERSONNE) values (15,'Gamelin','Matheo');
Insert into YWANG8.PERSONNE (ID_PERSONNE,NOMPERSONNE,PRENOMPERSONNE) values (16,'Boisclair','Enzo');
Insert into YWANG8.PERSONNE (ID_PERSONNE,NOMPERSONNE,PRENOMPERSONNE) values (17,'Richer','Alex');
Insert into YWANG8.PERSONNE (ID_PERSONNE,NOMPERSONNE,PRENOMPERSONNE) values (18,'Bouvier','Lucien');
Insert into YWANG8.PERSONNE (ID_PERSONNE,NOMPERSONNE,PRENOMPERSONNE) values (19,'Salois','Tom');
Insert into YWANG8.PERSONNE (ID_PERSONNE,NOMPERSONNE,PRENOMPERSONNE) values (20,'Granville','Hugo');
REM INSERTING into YWANG8.PRODUIT
SET DEFINE OFF;
Insert into YWANG8.PRODUIT (ID_PRODUIT,LIBELLEPRODUIT) values (1,'Bonbons');
Insert into YWANG8.PRODUIT (ID_PRODUIT,LIBELLEPRODUIT) values (2,'Canette');
Insert into YWANG8.PRODUIT (ID_PRODUIT,LIBELLEPRODUIT) values (3,'Café');
Insert into YWANG8.PRODUIT (ID_PRODUIT,LIBELLEPRODUIT) values (4,'Sucette');
Insert into YWANG8.PRODUIT (ID_PRODUIT,LIBELLEPRODUIT) values (5,'Barre chocalaté');
Insert into YWANG8.PRODUIT (ID_PRODUIT,LIBELLEPRODUIT) values (6,'Pain au chocalat');
Insert into YWANG8.PRODUIT (ID_PRODUIT,LIBELLEPRODUIT) values (7,'Pain');
Insert into YWANG8.PRODUIT (ID_PRODUIT,LIBELLEPRODUIT) values (8,'Tablette de chocolat');
Insert into YWANG8.PRODUIT (ID_PRODUIT,LIBELLEPRODUIT) values (9,'Sandwich au chocolat');
REM INSERTING into YWANG8.PRODUIT_COMPOSE
SET DEFINE OFF;
Insert into YWANG8.PRODUIT_COMPOSE (ID_PRODUIT) values (6);
REM INSERTING into YWANG8.PRODUIT_SIMPLE
SET DEFINE OFF;
Insert into YWANG8.PRODUIT_SIMPLE (PRIXUNITAIRE,STOCK,ID_PRODUIT) values (2,2,7);
Insert into YWANG8.PRODUIT_SIMPLE (PRIXUNITAIRE,STOCK,ID_PRODUIT) values (4,2,8);
REM INSERTING into YWANG8.ROLE
SET DEFINE OFF;
Insert into YWANG8.ROLE (ID_ROLE) values (1);
Insert into YWANG8.ROLE (ID_ROLE) values (2);
Insert into YWANG8.ROLE (ID_ROLE) values (3);
Insert into YWANG8.ROLE (ID_ROLE) values (4);
--------------------------------------------------------