--------------------------------------------------------
--  文件已创建 - 星期一-十一月-27-2017   
--------------------------------------------------------
--------------------------------------------------------
--  DDL for Table A_POUR_ROLE
--------------------------------------------------------

  CREATE TABLE "YWANG8"."A_POUR_ROLE" 
   (	"LOGINBENEVOLE" VARCHAR2(25 BYTE), 
	"ID_PERSONNE" NUMBER(*,0), 
	"ID_ROLE" NUMBER(*,0)
   ) SEGMENT CREATION IMMEDIATE 
  PCTFREE 10 PCTUSED 40 INITRANS 1 MAXTRANS 255 
 NOCOMPRESS LOGGING
  STORAGE(INITIAL 65536 NEXT 1048576 MINEXTENTS 1 MAXEXTENTS 2147483645
  PCTINCREASE 0 FREELISTS 1 FREELIST GROUPS 1
  BUFFER_POOL DEFAULT FLASH_CACHE DEFAULT CELL_FLASH_CACHE DEFAULT)
  TABLESPACE "SPACE_ANNEE2" ;
--------------------------------------------------------
--  DDL for Table AJOUT_ARGENT
--------------------------------------------------------

  CREATE TABLE "YWANG8"."AJOUT_ARGENT" 
   (	"ID_AJOUT" NUMBER(*,0) GENERATED ALWAYS AS IDENTITY MINVALUE 1 MAXVALUE 9999999999999999999999999999 INCREMENT BY 1 START WITH 1 CACHE 20 NOORDER  NOCYCLE , 
	"MONTANTARGENT" FLOAT(126), 
	"DATEAJOUT" DATE, 
	"ID_ENFANT" NUMBER(*,0), 
	"ID_PERSONNE" NUMBER(*,0)
   ) SEGMENT CREATION IMMEDIATE 
  PCTFREE 10 PCTUSED 40 INITRANS 1 MAXTRANS 255 
 NOCOMPRESS LOGGING
  STORAGE(INITIAL 65536 NEXT 1048576 MINEXTENTS 1 MAXEXTENTS 2147483645
  PCTINCREASE 0 FREELISTS 1 FREELIST GROUPS 1
  BUFFER_POOL DEFAULT FLASH_CACHE DEFAULT CELL_FLASH_CACHE DEFAULT)
  TABLESPACE "SPACE_ANNEE2" ;
--------------------------------------------------------
--  DDL for Table BENEVOLE
--------------------------------------------------------

  CREATE TABLE "YWANG8"."BENEVOLE" 
   (	"LOGINBENEVOLE" VARCHAR2(25 BYTE), 
	"MOTDEPASSEBENEVOLE" VARCHAR2(25 BYTE), 
	"ID_PERSONNE" NUMBER(*,0)
   ) SEGMENT CREATION IMMEDIATE 
  PCTFREE 10 PCTUSED 40 INITRANS 1 MAXTRANS 255 
 NOCOMPRESS LOGGING
  STORAGE(INITIAL 65536 NEXT 1048576 MINEXTENTS 1 MAXEXTENTS 2147483645
  PCTINCREASE 0 FREELISTS 1 FREELIST GROUPS 1
  BUFFER_POOL DEFAULT FLASH_CACHE DEFAULT CELL_FLASH_CACHE DEFAULT)
  TABLESPACE "SPACE_ANNEE2" ;
--------------------------------------------------------
--  DDL for Table CATEGORIE
--------------------------------------------------------

  CREATE TABLE "YWANG8"."CATEGORIE" 
   (	"ID_CATEGORIE" NUMBER(*,0) GENERATED ALWAYS AS IDENTITY MINVALUE 1 MAXVALUE 9999999999999999999999999999 INCREMENT BY 1 START WITH 1 CACHE 20 NOORDER  NOCYCLE , 
	"LIBELLECATEGORIE" VARCHAR2(25 BYTE)
   ) SEGMENT CREATION IMMEDIATE 
  PCTFREE 10 PCTUSED 40 INITRANS 1 MAXTRANS 255 
 NOCOMPRESS LOGGING
  STORAGE(INITIAL 65536 NEXT 1048576 MINEXTENTS 1 MAXEXTENTS 2147483645
  PCTINCREASE 0 FREELISTS 1 FREELIST GROUPS 1
  BUFFER_POOL DEFAULT FLASH_CACHE DEFAULT CELL_FLASH_CACHE DEFAULT)
  TABLESPACE "SPACE_ANNEE2" ;
--------------------------------------------------------
--  DDL for Table CLIENT
--------------------------------------------------------

  CREATE TABLE "YWANG8"."CLIENT" 
   (	"ID" NUMBER(*,0), 
	"NOM" VARCHAR2(20 BYTE), 
	"PRENOM" VARCHAR2(20 BYTE)
   ) SEGMENT CREATION IMMEDIATE 
  PCTFREE 10 PCTUSED 40 INITRANS 1 MAXTRANS 255 
 NOCOMPRESS LOGGING
  STORAGE(INITIAL 65536 NEXT 1048576 MINEXTENTS 1 MAXEXTENTS 2147483645
  PCTINCREASE 0 FREELISTS 1 FREELIST GROUPS 1
  BUFFER_POOL DEFAULT FLASH_CACHE DEFAULT CELL_FLASH_CACHE DEFAULT)
  TABLESPACE "SPACE_ANNEE2" ;
--------------------------------------------------------
--  DDL for Table CONSOMME
--------------------------------------------------------

  CREATE TABLE "YWANG8"."CONSOMME" 
   (	"DATECONSOMMATION" DATE, 
	"QTECONSOMMATION" FLOAT(126), 
	"ID_PRODUIT" NUMBER(*,0), 
	"ID_ENFANT" NUMBER(*,0), 
	"ID_PERSONNE" NUMBER(*,0)
   ) SEGMENT CREATION IMMEDIATE 
  PCTFREE 10 PCTUSED 40 INITRANS 1 MAXTRANS 255 
 NOCOMPRESS LOGGING
  STORAGE(INITIAL 65536 NEXT 1048576 MINEXTENTS 1 MAXEXTENTS 2147483645
  PCTINCREASE 0 FREELISTS 1 FREELIST GROUPS 1
  BUFFER_POOL DEFAULT FLASH_CACHE DEFAULT CELL_FLASH_CACHE DEFAULT)
  TABLESPACE "SPACE_ANNEE2" ;
--------------------------------------------------------
--  DDL for Table COURSE
--------------------------------------------------------

  CREATE TABLE "YWANG8"."COURSE" 
   (	"IDCOURSE" NUMBER(*,0) GENERATED ALWAYS AS IDENTITY MINVALUE 1 MAXVALUE 9999999999999999999999999999 INCREMENT BY 1 START WITH 1 CACHE 20 NOORDER  NOCYCLE , 
	"MONTANTCOURSE" FLOAT(126), 
	"DATECOURSE" DATE, 
	"LOGINBENEVOLE" VARCHAR2(25 BYTE), 
	"ID_PERSONNE" NUMBER(*,0)
   ) SEGMENT CREATION IMMEDIATE 
  PCTFREE 10 PCTUSED 40 INITRANS 1 MAXTRANS 255 
 NOCOMPRESS LOGGING
  STORAGE(INITIAL 65536 NEXT 1048576 MINEXTENTS 1 MAXEXTENTS 2147483645
  PCTINCREASE 0 FREELISTS 1 FREELIST GROUPS 1
  BUFFER_POOL DEFAULT FLASH_CACHE DEFAULT CELL_FLASH_CACHE DEFAULT)
  TABLESPACE "SPACE_ANNEE2" ;
--------------------------------------------------------
--  DDL for Table ENFANT
--------------------------------------------------------

  CREATE TABLE "YWANG8"."ENFANT" 
   (	"ID_ENFANT" NUMBER(*,0) GENERATED ALWAYS AS IDENTITY MINVALUE 1 MAXVALUE 9999999999999999999999999999 INCREMENT BY 1 START WITH 1 CACHE 20 NOORDER  NOCYCLE , 
	"MAILCONTACTENFANT" VARCHAR2(25 BYTE), 
	"TELCONTACTENFANT" VARCHAR2(25 BYTE), 
	"ID_PERSONNE" NUMBER(*,0), 
	"ID_CATEGORIE" NUMBER(*,0)
   ) SEGMENT CREATION IMMEDIATE 
  PCTFREE 10 PCTUSED 40 INITRANS 1 MAXTRANS 255 
 NOCOMPRESS LOGGING
  STORAGE(INITIAL 65536 NEXT 1048576 MINEXTENTS 1 MAXEXTENTS 2147483645
  PCTINCREASE 0 FREELISTS 1 FREELIST GROUPS 1
  BUFFER_POOL DEFAULT FLASH_CACHE DEFAULT CELL_FLASH_CACHE DEFAULT)
  TABLESPACE "SPACE_ANNEE2" ;
--------------------------------------------------------
--  DDL for Table EST_COMPOSE_DE
--------------------------------------------------------

  CREATE TABLE "YWANG8"."EST_COMPOSE_DE" 
   (	"QTECOMPOSITION" FLOAT(126), 
	"ID_PRODUIT" NUMBER(*,0), 
	"ID_PRODUIT_PRODUIT" NUMBER(*,0)
   ) SEGMENT CREATION IMMEDIATE 
  PCTFREE 10 PCTUSED 40 INITRANS 1 MAXTRANS 255 
 NOCOMPRESS LOGGING
  STORAGE(INITIAL 65536 NEXT 1048576 MINEXTENTS 1 MAXEXTENTS 2147483645
  PCTINCREASE 0 FREELISTS 1 FREELIST GROUPS 1
  BUFFER_POOL DEFAULT FLASH_CACHE DEFAULT CELL_FLASH_CACHE DEFAULT)
  TABLESPACE "SPACE_ANNEE2" ;
--------------------------------------------------------
--  DDL for Table LOCATION
--------------------------------------------------------

  CREATE TABLE "YWANG8"."LOCATION" 
   (	"IDCLIENT" NUMBER(*,0), 
	"IDFILM" NUMBER(*,0), 
	"DATEEMPRUNT" DATE, 
	"DATERETOUR" DATE
   ) SEGMENT CREATION IMMEDIATE 
  PCTFREE 10 PCTUSED 40 INITRANS 1 MAXTRANS 255 
 NOCOMPRESS LOGGING
  STORAGE(INITIAL 65536 NEXT 1048576 MINEXTENTS 1 MAXEXTENTS 2147483645
  PCTINCREASE 0 FREELISTS 1 FREELIST GROUPS 1
  BUFFER_POOL DEFAULT FLASH_CACHE DEFAULT CELL_FLASH_CACHE DEFAULT)
  TABLESPACE "SPACE_ANNEE2" ;
--------------------------------------------------------
--  DDL for Table PERSONNE
--------------------------------------------------------

  CREATE TABLE "YWANG8"."PERSONNE" 
   (	"ID_PERSONNE" NUMBER(*,0) GENERATED ALWAYS AS IDENTITY MINVALUE 1 MAXVALUE 9999999999999999999999999999 INCREMENT BY 1 START WITH 1 CACHE 20 NOORDER  NOCYCLE , 
	"NOMPERSONNE" VARCHAR2(25 BYTE), 
	"PRENOMPERSONNE" VARCHAR2(25 BYTE)
   ) SEGMENT CREATION IMMEDIATE 
  PCTFREE 10 PCTUSED 40 INITRANS 1 MAXTRANS 255 
 NOCOMPRESS LOGGING
  STORAGE(INITIAL 65536 NEXT 1048576 MINEXTENTS 1 MAXEXTENTS 2147483645
  PCTINCREASE 0 FREELISTS 1 FREELIST GROUPS 1
  BUFFER_POOL DEFAULT FLASH_CACHE DEFAULT CELL_FLASH_CACHE DEFAULT)
  TABLESPACE "SPACE_ANNEE2" ;
--------------------------------------------------------
--  DDL for Table PRODUIT
--------------------------------------------------------

  CREATE TABLE "YWANG8"."PRODUIT" 
   (	"ID_PRODUIT" NUMBER(*,0) GENERATED ALWAYS AS IDENTITY MINVALUE 1 MAXVALUE 9999999999999999999999999999 INCREMENT BY 1 START WITH 1 CACHE 20 NOORDER  NOCYCLE , 
	"LIBELLEPRODUIT" VARCHAR2(25 BYTE)
   ) SEGMENT CREATION IMMEDIATE 
  PCTFREE 10 PCTUSED 40 INITRANS 1 MAXTRANS 255 
 NOCOMPRESS LOGGING
  STORAGE(INITIAL 65536 NEXT 1048576 MINEXTENTS 1 MAXEXTENTS 2147483645
  PCTINCREASE 0 FREELISTS 1 FREELIST GROUPS 1
  BUFFER_POOL DEFAULT FLASH_CACHE DEFAULT CELL_FLASH_CACHE DEFAULT)
  TABLESPACE "SPACE_ANNEE2" ;
--------------------------------------------------------
--  DDL for Table PRODUIT_COMPOSE
--------------------------------------------------------

  CREATE TABLE "YWANG8"."PRODUIT_COMPOSE" 
   (	"ID_PRODUIT" NUMBER(*,0)
   ) SEGMENT CREATION IMMEDIATE 
  PCTFREE 10 PCTUSED 40 INITRANS 1 MAXTRANS 255 
 NOCOMPRESS LOGGING
  STORAGE(INITIAL 65536 NEXT 1048576 MINEXTENTS 1 MAXEXTENTS 2147483645
  PCTINCREASE 0 FREELISTS 1 FREELIST GROUPS 1
  BUFFER_POOL DEFAULT FLASH_CACHE DEFAULT CELL_FLASH_CACHE DEFAULT)
  TABLESPACE "SPACE_ANNEE2" ;
--------------------------------------------------------
--  DDL for Table PRODUIT_SIMPLE
--------------------------------------------------------

  CREATE TABLE "YWANG8"."PRODUIT_SIMPLE" 
   (	"PRIXUNITAIRE" FLOAT(126), 
	"STOCK" FLOAT(126), 
	"ID_PRODUIT" NUMBER(*,0)
   ) SEGMENT CREATION IMMEDIATE 
  PCTFREE 10 PCTUSED 40 INITRANS 1 MAXTRANS 255 
 NOCOMPRESS LOGGING
  STORAGE(INITIAL 65536 NEXT 1048576 MINEXTENTS 1 MAXEXTENTS 2147483645
  PCTINCREASE 0 FREELISTS 1 FREELIST GROUPS 1
  BUFFER_POOL DEFAULT FLASH_CACHE DEFAULT CELL_FLASH_CACHE DEFAULT)
  TABLESPACE "SPACE_ANNEE2" ;
--------------------------------------------------------
--  DDL for Table ROLE
--------------------------------------------------------

  CREATE TABLE "YWANG8"."ROLE" 
   (	"ID_ROLE" NUMBER(*,0)
   ) SEGMENT CREATION IMMEDIATE 
  PCTFREE 10 PCTUSED 40 INITRANS 1 MAXTRANS 255 
 NOCOMPRESS LOGGING
  STORAGE(INITIAL 65536 NEXT 1048576 MINEXTENTS 1 MAXEXTENTS 2147483645
  PCTINCREASE 0 FREELISTS 1 FREELIST GROUPS 1
  BUFFER_POOL DEFAULT FLASH_CACHE DEFAULT CELL_FLASH_CACHE DEFAULT)
  TABLESPACE "SPACE_ANNEE2" ;
REM INSERTING into YWANG8.A_POUR_ROLE
SET DEFINE OFF;
Insert into YWANG8.A_POUR_ROLE (LOGINBENEVOLE,ID_PERSONNE,ID_ROLE) values ('pierremartin@gmail.com',1,1);
REM INSERTING into YWANG8.AJOUT_ARGENT
SET DEFINE OFF;
Insert into YWANG8.AJOUT_ARGENT (ID_AJOUT,MONTANTARGENT,DATEAJOUT,ID_ENFANT,ID_PERSONNE) values (21,30,to_date('26-11月-17','DD-MON-RR'),1,11);
Insert into YWANG8.AJOUT_ARGENT (ID_AJOUT,MONTANTARGENT,DATEAJOUT,ID_ENFANT,ID_PERSONNE) values (22,30,to_date('26-11月-17','DD-MON-RR'),2,12);
Insert into YWANG8.AJOUT_ARGENT (ID_AJOUT,MONTANTARGENT,DATEAJOUT,ID_ENFANT,ID_PERSONNE) values (23,30,to_date('26-11月-17','DD-MON-RR'),3,13);
Insert into YWANG8.AJOUT_ARGENT (ID_AJOUT,MONTANTARGENT,DATEAJOUT,ID_ENFANT,ID_PERSONNE) values (24,30,to_date('26-11月-17','DD-MON-RR'),4,14);
Insert into YWANG8.AJOUT_ARGENT (ID_AJOUT,MONTANTARGENT,DATEAJOUT,ID_ENFANT,ID_PERSONNE) values (25,30,to_date('26-11月-17','DD-MON-RR'),5,15);
Insert into YWANG8.AJOUT_ARGENT (ID_AJOUT,MONTANTARGENT,DATEAJOUT,ID_ENFANT,ID_PERSONNE) values (26,30,to_date('26-11月-17','DD-MON-RR'),6,16);
Insert into YWANG8.AJOUT_ARGENT (ID_AJOUT,MONTANTARGENT,DATEAJOUT,ID_ENFANT,ID_PERSONNE) values (27,30,to_date('26-11月-17','DD-MON-RR'),7,17);
Insert into YWANG8.AJOUT_ARGENT (ID_AJOUT,MONTANTARGENT,DATEAJOUT,ID_ENFANT,ID_PERSONNE) values (28,30,to_date('26-11月-17','DD-MON-RR'),8,18);
Insert into YWANG8.AJOUT_ARGENT (ID_AJOUT,MONTANTARGENT,DATEAJOUT,ID_ENFANT,ID_PERSONNE) values (29,30,to_date('26-11月-17','DD-MON-RR'),2,12);
Insert into YWANG8.AJOUT_ARGENT (ID_AJOUT,MONTANTARGENT,DATEAJOUT,ID_ENFANT,ID_PERSONNE) values (30,30,to_date('26-11月-17','DD-MON-RR'),10,20);
Insert into YWANG8.AJOUT_ARGENT (ID_AJOUT,MONTANTARGENT,DATEAJOUT,ID_ENFANT,ID_PERSONNE) values (31,30,to_date('27-11月-17','DD-MON-RR'),1,11);
REM INSERTING into YWANG8.BENEVOLE
SET DEFINE OFF;
Insert into YWANG8.BENEVOLE (LOGINBENEVOLE,MOTDEPASSEBENEVOLE,ID_PERSONNE) values ('pierremartin@gmail.com','pm001',1);
Insert into YWANG8.BENEVOLE (LOGINBENEVOLE,MOTDEPASSEBENEVOLE,ID_PERSONNE) values ('georgespique@gmail.com','gp001',2);
Insert into YWANG8.BENEVOLE (LOGINBENEVOLE,MOTDEPASSEBENEVOLE,ID_PERSONNE) values ('estellegamelin@gmail.com','eg001',5);
Insert into YWANG8.BENEVOLE (LOGINBENEVOLE,MOTDEPASSEBENEVOLE,ID_PERSONNE) values ('richardricher@gmail.com','rr001',7);
Insert into YWANG8.BENEVOLE (LOGINBENEVOLE,MOTDEPASSEBENEVOLE,ID_PERSONNE) values ('martinbouvier@gmail.com','mb001',8);
Insert into YWANG8.BENEVOLE (LOGINBENEVOLE,MOTDEPASSEBENEVOLE,ID_PERSONNE) values ('christinesalois@gmail.com','cs001',9);
Insert into YWANG8.BENEVOLE (LOGINBENEVOLE,MOTDEPASSEBENEVOLE,ID_PERSONNE) values ('gauvingranville@gmail.com','gg001',10);
Insert into YWANG8.BENEVOLE (LOGINBENEVOLE,MOTDEPASSEBENEVOLE,ID_PERSONNE) values ('margueriteb@gmail.com','mb001',3);
Insert into YWANG8.BENEVOLE (LOGINBENEVOLE,MOTDEPASSEBENEVOLE,ID_PERSONNE) values ('magnolial@gmail.com','ml001',4);
Insert into YWANG8.BENEVOLE (LOGINBENEVOLE,MOTDEPASSEBENEVOLE,ID_PERSONNE) values ('carolieb@gmail.com','cb001',6);
REM INSERTING into YWANG8.CATEGORIE
SET DEFINE OFF;
Insert into YWANG8.CATEGORIE (ID_CATEGORIE,LIBELLECATEGORIE) values (1,'U14');
Insert into YWANG8.CATEGORIE (ID_CATEGORIE,LIBELLECATEGORIE) values (2,'U6');
Insert into YWANG8.CATEGORIE (ID_CATEGORIE,LIBELLECATEGORIE) values (3,'U8');
Insert into YWANG8.CATEGORIE (ID_CATEGORIE,LIBELLECATEGORIE) values (4,'U10');
Insert into YWANG8.CATEGORIE (ID_CATEGORIE,LIBELLECATEGORIE) values (5,'U12');
Insert into YWANG8.CATEGORIE (ID_CATEGORIE,LIBELLECATEGORIE) values (6,'U16');
REM INSERTING into YWANG8.CLIENT
SET DEFINE OFF;
REM INSERTING into YWANG8.CONSOMME
SET DEFINE OFF;
Insert into YWANG8.CONSOMME (DATECONSOMMATION,QTECONSOMMATION,ID_PRODUIT,ID_ENFANT,ID_PERSONNE) values (to_date('26-11月-17','DD-MON-RR'),1,6,2,12);
Insert into YWANG8.CONSOMME (DATECONSOMMATION,QTECONSOMMATION,ID_PRODUIT,ID_ENFANT,ID_PERSONNE) values (to_date('26-11月-17','DD-MON-RR'),1,8,3,13);
Insert into YWANG8.CONSOMME (DATECONSOMMATION,QTECONSOMMATION,ID_PRODUIT,ID_ENFANT,ID_PERSONNE) values (to_date('26-11月-17','DD-MON-RR'),2,6,4,14);
Insert into YWANG8.CONSOMME (DATECONSOMMATION,QTECONSOMMATION,ID_PRODUIT,ID_ENFANT,ID_PERSONNE) values (to_date('26-11月-17','DD-MON-RR'),3,7,5,15);
Insert into YWANG8.CONSOMME (DATECONSOMMATION,QTECONSOMMATION,ID_PRODUIT,ID_ENFANT,ID_PERSONNE) values (to_date('26-11月-17','DD-MON-RR'),1,8,6,16);
Insert into YWANG8.CONSOMME (DATECONSOMMATION,QTECONSOMMATION,ID_PRODUIT,ID_ENFANT,ID_PERSONNE) values (to_date('26-11月-17','DD-MON-RR'),1,6,7,17);
Insert into YWANG8.CONSOMME (DATECONSOMMATION,QTECONSOMMATION,ID_PRODUIT,ID_ENFANT,ID_PERSONNE) values (to_date('26-11月-17','DD-MON-RR'),2,7,8,18);
Insert into YWANG8.CONSOMME (DATECONSOMMATION,QTECONSOMMATION,ID_PRODUIT,ID_ENFANT,ID_PERSONNE) values (to_date('26-11月-17','DD-MON-RR'),1,7,2,12);
REM INSERTING into YWANG8.COURSE
SET DEFINE OFF;
Insert into YWANG8.COURSE (IDCOURSE,MONTANTCOURSE,DATECOURSE,LOGINBENEVOLE,ID_PERSONNE) values (1,50,to_date('27-11月-17','DD-MON-RR'),'pierremartin@gmail.com',1);
REM INSERTING into YWANG8.ENFANT
SET DEFINE OFF;
Insert into YWANG8.ENFANT (ID_ENFANT,MAILCONTACTENFANT,TELCONTACTENFANT,ID_PERSONNE,ID_CATEGORIE) values (1,'pierremartin@gmail.com','0102030405',11,1);
Insert into YWANG8.ENFANT (ID_ENFANT,MAILCONTACTENFANT,TELCONTACTENFANT,ID_PERSONNE,ID_CATEGORIE) values (2,'georgespique@gmail.com','0102034405',12,1);
Insert into YWANG8.ENFANT (ID_ENFANT,MAILCONTACTENFANT,TELCONTACTENFANT,ID_PERSONNE,ID_CATEGORIE) values (3,'margueriteb@gmail.com','0102230405',13,2);
Insert into YWANG8.ENFANT (ID_ENFANT,MAILCONTACTENFANT,TELCONTACTENFANT,ID_PERSONNE,ID_CATEGORIE) values (4,'magnolial@gmail.com','0102038405',14,3);
Insert into YWANG8.ENFANT (ID_ENFANT,MAILCONTACTENFANT,TELCONTACTENFANT,ID_PERSONNE,ID_CATEGORIE) values (5,'estellegamelin@gmail.com','0102330405',15,5);
Insert into YWANG8.ENFANT (ID_ENFANT,MAILCONTACTENFANT,TELCONTACTENFANT,ID_PERSONNE,ID_CATEGORIE) values (6,'carolieb@gmail.com','0102465405',16,4);
Insert into YWANG8.ENFANT (ID_ENFANT,MAILCONTACTENFANT,TELCONTACTENFANT,ID_PERSONNE,ID_CATEGORIE) values (7,'richardricher@gmail.com','0101230405',17,2);
Insert into YWANG8.ENFANT (ID_ENFANT,MAILCONTACTENFANT,TELCONTACTENFANT,ID_PERSONNE,ID_CATEGORIE) values (8,'martinbouvier@gmail.com','0108030405',18,1);
Insert into YWANG8.ENFANT (ID_ENFANT,MAILCONTACTENFANT,TELCONTACTENFANT,ID_PERSONNE,ID_CATEGORIE) values (9,'christinesalois@gmail.com','0102030405',19,4);
Insert into YWANG8.ENFANT (ID_ENFANT,MAILCONTACTENFANT,TELCONTACTENFANT,ID_PERSONNE,ID_CATEGORIE) values (10,'gauvingranville@gmail.com','0102078705',20,3);
REM INSERTING into YWANG8.EST_COMPOSE_DE
SET DEFINE OFF;
Insert into YWANG8.EST_COMPOSE_DE (QTECOMPOSITION,ID_PRODUIT,ID_PRODUIT_PRODUIT) values (1,6,7);
Insert into YWANG8.EST_COMPOSE_DE (QTECOMPOSITION,ID_PRODUIT,ID_PRODUIT_PRODUIT) values (1,6,8);
REM INSERTING into YWANG8.LOCATION
SET DEFINE OFF;
REM INSERTING into YWANG8.PERSONNE
SET DEFINE OFF;
Insert into YWANG8.PERSONNE (ID_PERSONNE,NOMPERSONNE,PRENOMPERSONNE) values (1,'Martin','Pierre');
Insert into YWANG8.PERSONNE (ID_PERSONNE,NOMPERSONNE,PRENOMPERSONNE) values (2,'Pique','Georges');
Insert into YWANG8.PERSONNE (ID_PERSONNE,NOMPERSONNE,PRENOMPERSONNE) values (3,'Bonami','Marguerite');
Insert into YWANG8.PERSONNE (ID_PERSONNE,NOMPERSONNE,PRENOMPERSONNE) values (4,'Lapierre','Magnolia');
Insert into YWANG8.PERSONNE (ID_PERSONNE,NOMPERSONNE,PRENOMPERSONNE) values (5,'Gamelin','Estelle');
Insert into YWANG8.PERSONNE (ID_PERSONNE,NOMPERSONNE,PRENOMPERSONNE) values (6,'Boisclair','Caroline');
Insert into YWANG8.PERSONNE (ID_PERSONNE,NOMPERSONNE,PRENOMPERSONNE) values (7,'Richer','Richard');
Insert into YWANG8.PERSONNE (ID_PERSONNE,NOMPERSONNE,PRENOMPERSONNE) values (8,'Bouvier','Martin');
Insert into YWANG8.PERSONNE (ID_PERSONNE,NOMPERSONNE,PRENOMPERSONNE) values (9,'Salois','Christine');
Insert into YWANG8.PERSONNE (ID_PERSONNE,NOMPERSONNE,PRENOMPERSONNE) values (10,'Granville','Gauvin');
Insert into YWANG8.PERSONNE (ID_PERSONNE,NOMPERSONNE,PRENOMPERSONNE) values (11,'Martin','Maxime');
Insert into YWANG8.PERSONNE (ID_PERSONNE,NOMPERSONNE,PRENOMPERSONNE) values (12,'Pique','Antoine');
Insert into YWANG8.PERSONNE (ID_PERSONNE,NOMPERSONNE,PRENOMPERSONNE) values (13,'Bonami','Quentin');
Insert into YWANG8.PERSONNE (ID_PERSONNE,NOMPERSONNE,PRENOMPERSONNE) values (14,'Lapierre','Lucas');
Insert into YWANG8.PERSONNE (ID_PERSONNE,NOMPERSONNE,PRENOMPERSONNE) values (15,'Gamelin','Matheo');
Insert into YWANG8.PERSONNE (ID_PERSONNE,NOMPERSONNE,PRENOMPERSONNE) values (16,'Boisclair','Enzo');
Insert into YWANG8.PERSONNE (ID_PERSONNE,NOMPERSONNE,PRENOMPERSONNE) values (17,'Richer','Alex');
Insert into YWANG8.PERSONNE (ID_PERSONNE,NOMPERSONNE,PRENOMPERSONNE) values (18,'Bouvier','Lucien');
Insert into YWANG8.PERSONNE (ID_PERSONNE,NOMPERSONNE,PRENOMPERSONNE) values (19,'Salois','Tom');
Insert into YWANG8.PERSONNE (ID_PERSONNE,NOMPERSONNE,PRENOMPERSONNE) values (20,'Granville','Hugo');
REM INSERTING into YWANG8.PRODUIT
SET DEFINE OFF;
Insert into YWANG8.PRODUIT (ID_PRODUIT,LIBELLEPRODUIT) values (1,'Bonbons');
Insert into YWANG8.PRODUIT (ID_PRODUIT,LIBELLEPRODUIT) values (2,'Canette');
Insert into YWANG8.PRODUIT (ID_PRODUIT,LIBELLEPRODUIT) values (3,'Café');
Insert into YWANG8.PRODUIT (ID_PRODUIT,LIBELLEPRODUIT) values (4,'Sucette');
Insert into YWANG8.PRODUIT (ID_PRODUIT,LIBELLEPRODUIT) values (5,'Barre chocalaté');
Insert into YWANG8.PRODUIT (ID_PRODUIT,LIBELLEPRODUIT) values (6,'Pain au chocalat');
Insert into YWANG8.PRODUIT (ID_PRODUIT,LIBELLEPRODUIT) values (7,'Pain');
Insert into YWANG8.PRODUIT (ID_PRODUIT,LIBELLEPRODUIT) values (8,'Tablette de chocolat');
Insert into YWANG8.PRODUIT (ID_PRODUIT,LIBELLEPRODUIT) values (9,'Sandwich au chocolat');
REM INSERTING into YWANG8.PRODUIT_COMPOSE
SET DEFINE OFF;
Insert into YWANG8.PRODUIT_COMPOSE (ID_PRODUIT) values (6);
REM INSERTING into YWANG8.PRODUIT_SIMPLE
SET DEFINE OFF;
Insert into YWANG8.PRODUIT_SIMPLE (PRIXUNITAIRE,STOCK,ID_PRODUIT) values (2,2,7);
Insert into YWANG8.PRODUIT_SIMPLE (PRIXUNITAIRE,STOCK,ID_PRODUIT) values (4,2,8);
REM INSERTING into YWANG8.ROLE
SET DEFINE OFF;
Insert into YWANG8.ROLE (ID_ROLE) values (1);
Insert into YWANG8.ROLE (ID_ROLE) values (2);
Insert into YWANG8.ROLE (ID_ROLE) values (3);
Insert into YWANG8.ROLE (ID_ROLE) values (4);
--------------------------------------------------------
--  DDL for Index A_POUR_ROLE_PK
--------------------------------------------------------

  CREATE UNIQUE INDEX "YWANG8"."A_POUR_ROLE_PK" ON "YWANG8"."A_POUR_ROLE" ("ID_ROLE", "ID_PERSONNE", "LOGINBENEVOLE") 
  PCTFREE 10 INITRANS 2 MAXTRANS 255 COMPUTE STATISTICS 
  STORAGE(INITIAL 65536 NEXT 1048576 MINEXTENTS 1 MAXEXTENTS 2147483645
  PCTINCREASE 0 FREELISTS 1 FREELIST GROUPS 1
  BUFFER_POOL DEFAULT FLASH_CACHE DEFAULT CELL_FLASH_CACHE DEFAULT)
  TABLESPACE "SPACE_ANNEE2" ;
--------------------------------------------------------
--  DDL for Index AJOUT_ARGENT_PK
--------------------------------------------------------

  CREATE UNIQUE INDEX "YWANG8"."AJOUT_ARGENT_PK" ON "YWANG8"."AJOUT_ARGENT" ("ID_AJOUT") 
  PCTFREE 10 INITRANS 2 MAXTRANS 255 COMPUTE STATISTICS 
  STORAGE(INITIAL 65536 NEXT 1048576 MINEXTENTS 1 MAXEXTENTS 2147483645
  PCTINCREASE 0 FREELISTS 1 FREELIST GROUPS 1
  BUFFER_POOL DEFAULT FLASH_CACHE DEFAULT CELL_FLASH_CACHE DEFAULT)
  TABLESPACE "SPACE_ANNEE2" ;
--------------------------------------------------------
--  DDL for Index BENEVOLE_PK
--------------------------------------------------------

  CREATE UNIQUE INDEX "YWANG8"."BENEVOLE_PK" ON "YWANG8"."BENEVOLE" ("ID_PERSONNE", "LOGINBENEVOLE") 
  PCTFREE 10 INITRANS 2 MAXTRANS 255 COMPUTE STATISTICS 
  STORAGE(INITIAL 65536 NEXT 1048576 MINEXTENTS 1 MAXEXTENTS 2147483645
  PCTINCREASE 0 FREELISTS 1 FREELIST GROUPS 1
  BUFFER_POOL DEFAULT FLASH_CACHE DEFAULT CELL_FLASH_CACHE DEFAULT)
  TABLESPACE "SPACE_ANNEE2" ;
--------------------------------------------------------
--  DDL for Index CATEGORIE_PK
--------------------------------------------------------

  CREATE UNIQUE INDEX "YWANG8"."CATEGORIE_PK" ON "YWANG8"."CATEGORIE" ("ID_CATEGORIE") 
  PCTFREE 10 INITRANS 2 MAXTRANS 255 COMPUTE STATISTICS 
  STORAGE(INITIAL 65536 NEXT 1048576 MINEXTENTS 1 MAXEXTENTS 2147483645
  PCTINCREASE 0 FREELISTS 1 FREELIST GROUPS 1
  BUFFER_POOL DEFAULT FLASH_CACHE DEFAULT CELL_FLASH_CACHE DEFAULT)
  TABLESPACE "SPACE_ANNEE2" ;
--------------------------------------------------------
--  DDL for Index SYS_C0049159
--------------------------------------------------------

  CREATE UNIQUE INDEX "YWANG8"."SYS_C0049159" ON "YWANG8"."CLIENT" ("ID") 
  PCTFREE 10 INITRANS 2 MAXTRANS 255 COMPUTE STATISTICS 
  STORAGE(INITIAL 65536 NEXT 1048576 MINEXTENTS 1 MAXEXTENTS 2147483645
  PCTINCREASE 0 FREELISTS 1 FREELIST GROUPS 1
  BUFFER_POOL DEFAULT FLASH_CACHE DEFAULT CELL_FLASH_CACHE DEFAULT)
  TABLESPACE "SPACE_ANNEE2" ;
--------------------------------------------------------
--  DDL for Index CONSOMME_PK
--------------------------------------------------------

  CREATE UNIQUE INDEX "YWANG8"."CONSOMME_PK" ON "YWANG8"."CONSOMME" ("ID_PERSONNE", "ID_ENFANT", "ID_PRODUIT") 
  PCTFREE 10 INITRANS 2 MAXTRANS 255 COMPUTE STATISTICS 
  STORAGE(INITIAL 65536 NEXT 1048576 MINEXTENTS 1 MAXEXTENTS 2147483645
  PCTINCREASE 0 FREELISTS 1 FREELIST GROUPS 1
  BUFFER_POOL DEFAULT FLASH_CACHE DEFAULT CELL_FLASH_CACHE DEFAULT)
  TABLESPACE "SPACE_ANNEE2" ;
--------------------------------------------------------
--  DDL for Index TABLE1_PK
--------------------------------------------------------

  CREATE UNIQUE INDEX "YWANG8"."TABLE1_PK" ON "YWANG8"."COURSE" ("IDCOURSE") 
  PCTFREE 10 INITRANS 2 MAXTRANS 255 COMPUTE STATISTICS 
  STORAGE(INITIAL 65536 NEXT 1048576 MINEXTENTS 1 MAXEXTENTS 2147483645
  PCTINCREASE 0 FREELISTS 1 FREELIST GROUPS 1
  BUFFER_POOL DEFAULT FLASH_CACHE DEFAULT CELL_FLASH_CACHE DEFAULT)
  TABLESPACE "SPACE_ANNEE2" ;
--------------------------------------------------------
--  DDL for Index ENFANT_PK
--------------------------------------------------------

  CREATE UNIQUE INDEX "YWANG8"."ENFANT_PK" ON "YWANG8"."ENFANT" ("ID_ENFANT", "ID_PERSONNE") 
  PCTFREE 10 INITRANS 2 MAXTRANS 255 COMPUTE STATISTICS 
  STORAGE(INITIAL 65536 NEXT 1048576 MINEXTENTS 1 MAXEXTENTS 2147483645
  PCTINCREASE 0 FREELISTS 1 FREELIST GROUPS 1
  BUFFER_POOL DEFAULT FLASH_CACHE DEFAULT CELL_FLASH_CACHE DEFAULT)
  TABLESPACE "SPACE_ANNEE2" ;
--------------------------------------------------------
--  DDL for Index EST_COMPOSE_DE_PK
--------------------------------------------------------

  CREATE UNIQUE INDEX "YWANG8"."EST_COMPOSE_DE_PK" ON "YWANG8"."EST_COMPOSE_DE" ("ID_PRODUIT_PRODUIT", "ID_PRODUIT") 
  PCTFREE 10 INITRANS 2 MAXTRANS 255 COMPUTE STATISTICS 
  STORAGE(INITIAL 65536 NEXT 1048576 MINEXTENTS 1 MAXEXTENTS 2147483645
  PCTINCREASE 0 FREELISTS 1 FREELIST GROUPS 1
  BUFFER_POOL DEFAULT FLASH_CACHE DEFAULT CELL_FLASH_CACHE DEFAULT)
  TABLESPACE "SPACE_ANNEE2" ;
--------------------------------------------------------
--  DDL for Index PERSONNE_PK
--------------------------------------------------------

  CREATE UNIQUE INDEX "YWANG8"."PERSONNE_PK" ON "YWANG8"."PERSONNE" ("ID_PERSONNE") 
  PCTFREE 10 INITRANS 2 MAXTRANS 255 COMPUTE STATISTICS 
  STORAGE(INITIAL 65536 NEXT 1048576 MINEXTENTS 1 MAXEXTENTS 2147483645
  PCTINCREASE 0 FREELISTS 1 FREELIST GROUPS 1
  BUFFER_POOL DEFAULT FLASH_CACHE DEFAULT CELL_FLASH_CACHE DEFAULT)
  TABLESPACE "SPACE_ANNEE2" ;
--------------------------------------------------------
--  DDL for Index PRODUIT_PK
--------------------------------------------------------

  CREATE UNIQUE INDEX "YWANG8"."PRODUIT_PK" ON "YWANG8"."PRODUIT" ("ID_PRODUIT") 
  PCTFREE 10 INITRANS 2 MAXTRANS 255 COMPUTE STATISTICS 
  STORAGE(INITIAL 65536 NEXT 1048576 MINEXTENTS 1 MAXEXTENTS 2147483645
  PCTINCREASE 0 FREELISTS 1 FREELIST GROUPS 1
  BUFFER_POOL DEFAULT FLASH_CACHE DEFAULT CELL_FLASH_CACHE DEFAULT)
  TABLESPACE "SPACE_ANNEE2" ;
--------------------------------------------------------
--  DDL for Index UNIQUELIBELLE
--------------------------------------------------------

  CREATE UNIQUE INDEX "YWANG8"."UNIQUELIBELLE" ON "YWANG8"."PRODUIT" ("LIBELLEPRODUIT") 
  PCTFREE 10 INITRANS 2 MAXTRANS 255 COMPUTE STATISTICS 
  STORAGE(INITIAL 65536 NEXT 1048576 MINEXTENTS 1 MAXEXTENTS 2147483645
  PCTINCREASE 0 FREELISTS 1 FREELIST GROUPS 1
  BUFFER_POOL DEFAULT FLASH_CACHE DEFAULT CELL_FLASH_CACHE DEFAULT)
  TABLESPACE "SPACE_ANNEE2" ;
--------------------------------------------------------
--  DDL for Index PRODUIT_COMPOSE_PK
--------------------------------------------------------

  CREATE UNIQUE INDEX "YWANG8"."PRODUIT_COMPOSE_PK" ON "YWANG8"."PRODUIT_COMPOSE" ("ID_PRODUIT") 
  PCTFREE 10 INITRANS 2 MAXTRANS 255 COMPUTE STATISTICS 
  STORAGE(INITIAL 65536 NEXT 1048576 MINEXTENTS 1 MAXEXTENTS 2147483645
  PCTINCREASE 0 FREELISTS 1 FREELIST GROUPS 1
  BUFFER_POOL DEFAULT FLASH_CACHE DEFAULT CELL_FLASH_CACHE DEFAULT)
  TABLESPACE "SPACE_ANNEE2" ;
--------------------------------------------------------
--  DDL for Index PRODUIT_SIMPLE_PK
--------------------------------------------------------

  CREATE UNIQUE INDEX "YWANG8"."PRODUIT_SIMPLE_PK" ON "YWANG8"."PRODUIT_SIMPLE" ("ID_PRODUIT") 
  PCTFREE 10 INITRANS 2 MAXTRANS 255 COMPUTE STATISTICS 
  STORAGE(INITIAL 65536 NEXT 1048576 MINEXTENTS 1 MAXEXTENTS 2147483645
  PCTINCREASE 0 FREELISTS 1 FREELIST GROUPS 1
  BUFFER_POOL DEFAULT FLASH_CACHE DEFAULT CELL_FLASH_CACHE DEFAULT)
  TABLESPACE "SPACE_ANNEE2" ;
--------------------------------------------------------
--  DDL for Index ROLE_PK
--------------------------------------------------------

  CREATE UNIQUE INDEX "YWANG8"."ROLE_PK" ON "YWANG8"."ROLE" ("ID_ROLE") 
  PCTFREE 10 INITRANS 2 MAXTRANS 255 COMPUTE STATISTICS 
  STORAGE(INITIAL 65536 NEXT 1048576 MINEXTENTS 1 MAXEXTENTS 2147483645
  PCTINCREASE 0 FREELISTS 1 FREELIST GROUPS 1
  BUFFER_POOL DEFAULT FLASH_CACHE DEFAULT CELL_FLASH_CACHE DEFAULT)
  TABLESPACE "SPACE_ANNEE2" ;
--------------------------------------------------------
--  DDL for Trigger ALERTE
--------------------------------------------------------

  CREATE OR REPLACE EDITIONABLE TRIGGER "YWANG8"."ALERTE" 
AFTER INSERT OR UPDATE ON PRODUIT_simple FOR EACH ROW
 WHEN (NEW.stock<10/*Qte minimum*/ AND NEW.stock>=0) BEGIN
        DBMS_OUTPUT.PUT_LINE('Il y a pas beaucoup de restant');
END;
/
ALTER TRIGGER "YWANG8"."ALERTE" ENABLE;
--------------------------------------------------------
--  Constraints for Table A_POUR_ROLE
--------------------------------------------------------

  ALTER TABLE "YWANG8"."A_POUR_ROLE" ADD CONSTRAINT "A_POUR_ROLE_PK" PRIMARY KEY ("ID_ROLE", "ID_PERSONNE", "LOGINBENEVOLE")
  USING INDEX PCTFREE 10 INITRANS 2 MAXTRANS 255 COMPUTE STATISTICS 
  STORAGE(INITIAL 65536 NEXT 1048576 MINEXTENTS 1 MAXEXTENTS 2147483645
  PCTINCREASE 0 FREELISTS 1 FREELIST GROUPS 1
  BUFFER_POOL DEFAULT FLASH_CACHE DEFAULT CELL_FLASH_CACHE DEFAULT)
  TABLESPACE "SPACE_ANNEE2"  ENABLE;
  ALTER TABLE "YWANG8"."A_POUR_ROLE" MODIFY ("LOGINBENEVOLE" NOT NULL ENABLE);
  ALTER TABLE "YWANG8"."A_POUR_ROLE" MODIFY ("ID_PERSONNE" NOT NULL ENABLE);
  ALTER TABLE "YWANG8"."A_POUR_ROLE" MODIFY ("ID_ROLE" NOT NULL ENABLE);
--------------------------------------------------------
--  Constraints for Table AJOUT_ARGENT
--------------------------------------------------------

  ALTER TABLE "YWANG8"."AJOUT_ARGENT" ADD CONSTRAINT "AJOUT_ARGENT_PK" PRIMARY KEY ("ID_AJOUT")
  USING INDEX PCTFREE 10 INITRANS 2 MAXTRANS 255 COMPUTE STATISTICS 
  STORAGE(INITIAL 65536 NEXT 1048576 MINEXTENTS 1 MAXEXTENTS 2147483645
  PCTINCREASE 0 FREELISTS 1 FREELIST GROUPS 1
  BUFFER_POOL DEFAULT FLASH_CACHE DEFAULT CELL_FLASH_CACHE DEFAULT)
  TABLESPACE "SPACE_ANNEE2"  ENABLE;
  ALTER TABLE "YWANG8"."AJOUT_ARGENT" MODIFY ("ID_AJOUT" NOT NULL ENABLE);
--------------------------------------------------------
--  Constraints for Table BENEVOLE
--------------------------------------------------------

  ALTER TABLE "YWANG8"."BENEVOLE" ADD CONSTRAINT "BENEVOLE_PK" PRIMARY KEY ("ID_PERSONNE", "LOGINBENEVOLE")
  USING INDEX PCTFREE 10 INITRANS 2 MAXTRANS 255 COMPUTE STATISTICS 
  STORAGE(INITIAL 65536 NEXT 1048576 MINEXTENTS 1 MAXEXTENTS 2147483645
  PCTINCREASE 0 FREELISTS 1 FREELIST GROUPS 1
  BUFFER_POOL DEFAULT FLASH_CACHE DEFAULT CELL_FLASH_CACHE DEFAULT)
  TABLESPACE "SPACE_ANNEE2"  ENABLE;
  ALTER TABLE "YWANG8"."BENEVOLE" MODIFY ("LOGINBENEVOLE" NOT NULL ENABLE);
  ALTER TABLE "YWANG8"."BENEVOLE" MODIFY ("ID_PERSONNE" NOT NULL ENABLE);
--------------------------------------------------------
--  Constraints for Table CATEGORIE
--------------------------------------------------------

  ALTER TABLE "YWANG8"."CATEGORIE" ADD CONSTRAINT "CATEGORIE_PK" PRIMARY KEY ("ID_CATEGORIE")
  USING INDEX PCTFREE 10 INITRANS 2 MAXTRANS 255 COMPUTE STATISTICS 
  STORAGE(INITIAL 65536 NEXT 1048576 MINEXTENTS 1 MAXEXTENTS 2147483645
  PCTINCREASE 0 FREELISTS 1 FREELIST GROUPS 1
  BUFFER_POOL DEFAULT FLASH_CACHE DEFAULT CELL_FLASH_CACHE DEFAULT)
  TABLESPACE "SPACE_ANNEE2"  ENABLE;
  ALTER TABLE "YWANG8"."CATEGORIE" MODIFY ("ID_CATEGORIE" NOT NULL ENABLE);
--------------------------------------------------------
--  Constraints for Table CLIENT
--------------------------------------------------------

  ALTER TABLE "YWANG8"."CLIENT" MODIFY ("ID" NOT NULL ENABLE);
  ALTER TABLE "YWANG8"."CLIENT" ADD PRIMARY KEY ("ID")
  USING INDEX PCTFREE 10 INITRANS 2 MAXTRANS 255 COMPUTE STATISTICS 
  STORAGE(INITIAL 65536 NEXT 1048576 MINEXTENTS 1 MAXEXTENTS 2147483645
  PCTINCREASE 0 FREELISTS 1 FREELIST GROUPS 1
  BUFFER_POOL DEFAULT FLASH_CACHE DEFAULT CELL_FLASH_CACHE DEFAULT)
  TABLESPACE "SPACE_ANNEE2"  ENABLE;
--------------------------------------------------------
--  Constraints for Table CONSOMME
--------------------------------------------------------

  ALTER TABLE "YWANG8"."CONSOMME" ADD CONSTRAINT "CONSOMME_PK" PRIMARY KEY ("ID_PERSONNE", "ID_ENFANT", "ID_PRODUIT")
  USING INDEX PCTFREE 10 INITRANS 2 MAXTRANS 255 COMPUTE STATISTICS 
  STORAGE(INITIAL 65536 NEXT 1048576 MINEXTENTS 1 MAXEXTENTS 2147483645
  PCTINCREASE 0 FREELISTS 1 FREELIST GROUPS 1
  BUFFER_POOL DEFAULT FLASH_CACHE DEFAULT CELL_FLASH_CACHE DEFAULT)
  TABLESPACE "SPACE_ANNEE2"  ENABLE;
  ALTER TABLE "YWANG8"."CONSOMME" MODIFY ("ID_PRODUIT" NOT NULL ENABLE);
  ALTER TABLE "YWANG8"."CONSOMME" MODIFY ("ID_ENFANT" NOT NULL ENABLE);
  ALTER TABLE "YWANG8"."CONSOMME" MODIFY ("ID_PERSONNE" NOT NULL ENABLE);
--------------------------------------------------------
--  Constraints for Table COURSE
--------------------------------------------------------

  ALTER TABLE "YWANG8"."COURSE" MODIFY ("IDCOURSE" NOT NULL ENABLE);
  ALTER TABLE "YWANG8"."COURSE" MODIFY ("LOGINBENEVOLE" NOT NULL ENABLE);
  ALTER TABLE "YWANG8"."COURSE" ADD CONSTRAINT "TABLE1_PK" PRIMARY KEY ("IDCOURSE")
  USING INDEX PCTFREE 10 INITRANS 2 MAXTRANS 255 COMPUTE STATISTICS 
  STORAGE(INITIAL 65536 NEXT 1048576 MINEXTENTS 1 MAXEXTENTS 2147483645
  PCTINCREASE 0 FREELISTS 1 FREELIST GROUPS 1
  BUFFER_POOL DEFAULT FLASH_CACHE DEFAULT CELL_FLASH_CACHE DEFAULT)
  TABLESPACE "SPACE_ANNEE2"  ENABLE;
--------------------------------------------------------
--  Constraints for Table ENFANT
--------------------------------------------------------

  ALTER TABLE "YWANG8"."ENFANT" ADD CONSTRAINT "ENFANT_PK" PRIMARY KEY ("ID_ENFANT", "ID_PERSONNE")
  USING INDEX PCTFREE 10 INITRANS 2 MAXTRANS 255 COMPUTE STATISTICS 
  STORAGE(INITIAL 65536 NEXT 1048576 MINEXTENTS 1 MAXEXTENTS 2147483645
  PCTINCREASE 0 FREELISTS 1 FREELIST GROUPS 1
  BUFFER_POOL DEFAULT FLASH_CACHE DEFAULT CELL_FLASH_CACHE DEFAULT)
  TABLESPACE "SPACE_ANNEE2"  ENABLE;
  ALTER TABLE "YWANG8"."ENFANT" MODIFY ("ID_ENFANT" NOT NULL ENABLE);
  ALTER TABLE "YWANG8"."ENFANT" MODIFY ("ID_PERSONNE" NOT NULL ENABLE);
--------------------------------------------------------
--  Constraints for Table EST_COMPOSE_DE
--------------------------------------------------------

  ALTER TABLE "YWANG8"."EST_COMPOSE_DE" ADD CONSTRAINT "EST_COMPOSE_DE_PK" PRIMARY KEY ("ID_PRODUIT_PRODUIT", "ID_PRODUIT")
  USING INDEX PCTFREE 10 INITRANS 2 MAXTRANS 255 COMPUTE STATISTICS 
  STORAGE(INITIAL 65536 NEXT 1048576 MINEXTENTS 1 MAXEXTENTS 2147483645
  PCTINCREASE 0 FREELISTS 1 FREELIST GROUPS 1
  BUFFER_POOL DEFAULT FLASH_CACHE DEFAULT CELL_FLASH_CACHE DEFAULT)
  TABLESPACE "SPACE_ANNEE2"  ENABLE;
  ALTER TABLE "YWANG8"."EST_COMPOSE_DE" MODIFY ("ID_PRODUIT" NOT NULL ENABLE);
  ALTER TABLE "YWANG8"."EST_COMPOSE_DE" MODIFY ("ID_PRODUIT_PRODUIT" NOT NULL ENABLE);
--------------------------------------------------------
--  Constraints for Table LOCATION
--------------------------------------------------------

  ALTER TABLE "YWANG8"."LOCATION" MODIFY ("DATEEMPRUNT" NOT NULL ENABLE);
--------------------------------------------------------
--  Constraints for Table PERSONNE
--------------------------------------------------------

  ALTER TABLE "YWANG8"."PERSONNE" ADD CONSTRAINT "PERSONNE_PK" PRIMARY KEY ("ID_PERSONNE")
  USING INDEX PCTFREE 10 INITRANS 2 MAXTRANS 255 COMPUTE STATISTICS 
  STORAGE(INITIAL 65536 NEXT 1048576 MINEXTENTS 1 MAXEXTENTS 2147483645
  PCTINCREASE 0 FREELISTS 1 FREELIST GROUPS 1
  BUFFER_POOL DEFAULT FLASH_CACHE DEFAULT CELL_FLASH_CACHE DEFAULT)
  TABLESPACE "SPACE_ANNEE2"  ENABLE;
  ALTER TABLE "YWANG8"."PERSONNE" MODIFY ("ID_PERSONNE" NOT NULL ENABLE);
--------------------------------------------------------
--  Constraints for Table PRODUIT
--------------------------------------------------------

  ALTER TABLE "YWANG8"."PRODUIT" ADD CONSTRAINT "PRODUIT_PK" PRIMARY KEY ("ID_PRODUIT")
  USING INDEX PCTFREE 10 INITRANS 2 MAXTRANS 255 COMPUTE STATISTICS 
  STORAGE(INITIAL 65536 NEXT 1048576 MINEXTENTS 1 MAXEXTENTS 2147483645
  PCTINCREASE 0 FREELISTS 1 FREELIST GROUPS 1
  BUFFER_POOL DEFAULT FLASH_CACHE DEFAULT CELL_FLASH_CACHE DEFAULT)
  TABLESPACE "SPACE_ANNEE2"  ENABLE;
  ALTER TABLE "YWANG8"."PRODUIT" MODIFY ("ID_PRODUIT" NOT NULL ENABLE);
  ALTER TABLE "YWANG8"."PRODUIT" ADD CONSTRAINT "UNIQUELIBELLE" UNIQUE ("LIBELLEPRODUIT")
  USING INDEX PCTFREE 10 INITRANS 2 MAXTRANS 255 COMPUTE STATISTICS 
  STORAGE(INITIAL 65536 NEXT 1048576 MINEXTENTS 1 MAXEXTENTS 2147483645
  PCTINCREASE 0 FREELISTS 1 FREELIST GROUPS 1
  BUFFER_POOL DEFAULT FLASH_CACHE DEFAULT CELL_FLASH_CACHE DEFAULT)
  TABLESPACE "SPACE_ANNEE2"  ENABLE;
--------------------------------------------------------
--  Constraints for Table PRODUIT_COMPOSE
--------------------------------------------------------

  ALTER TABLE "YWANG8"."PRODUIT_COMPOSE" ADD CONSTRAINT "PRODUIT_COMPOSE_PK" PRIMARY KEY ("ID_PRODUIT")
  USING INDEX PCTFREE 10 INITRANS 2 MAXTRANS 255 COMPUTE STATISTICS 
  STORAGE(INITIAL 65536 NEXT 1048576 MINEXTENTS 1 MAXEXTENTS 2147483645
  PCTINCREASE 0 FREELISTS 1 FREELIST GROUPS 1
  BUFFER_POOL DEFAULT FLASH_CACHE DEFAULT CELL_FLASH_CACHE DEFAULT)
  TABLESPACE "SPACE_ANNEE2"  ENABLE;
  ALTER TABLE "YWANG8"."PRODUIT_COMPOSE" MODIFY ("ID_PRODUIT" NOT NULL ENABLE);
--------------------------------------------------------
--  Constraints for Table PRODUIT_SIMPLE
--------------------------------------------------------

  ALTER TABLE "YWANG8"."PRODUIT_SIMPLE" ADD CONSTRAINT "PRODUIT_SIMPLE_PK" PRIMARY KEY ("ID_PRODUIT")
  USING INDEX PCTFREE 10 INITRANS 2 MAXTRANS 255 COMPUTE STATISTICS 
  STORAGE(INITIAL 65536 NEXT 1048576 MINEXTENTS 1 MAXEXTENTS 2147483645
  PCTINCREASE 0 FREELISTS 1 FREELIST GROUPS 1
  BUFFER_POOL DEFAULT FLASH_CACHE DEFAULT CELL_FLASH_CACHE DEFAULT)
  TABLESPACE "SPACE_ANNEE2"  ENABLE;
  ALTER TABLE "YWANG8"."PRODUIT_SIMPLE" MODIFY ("ID_PRODUIT" NOT NULL ENABLE);
--------------------------------------------------------
--  Constraints for Table ROLE
--------------------------------------------------------

  ALTER TABLE "YWANG8"."ROLE" ADD CONSTRAINT "ROLE_PK" PRIMARY KEY ("ID_ROLE")
  USING INDEX PCTFREE 10 INITRANS 2 MAXTRANS 255 COMPUTE STATISTICS 
  STORAGE(INITIAL 65536 NEXT 1048576 MINEXTENTS 1 MAXEXTENTS 2147483645
  PCTINCREASE 0 FREELISTS 1 FREELIST GROUPS 1
  BUFFER_POOL DEFAULT FLASH_CACHE DEFAULT CELL_FLASH_CACHE DEFAULT)
  TABLESPACE "SPACE_ANNEE2"  ENABLE;
